Country,Discipline,count
United States of America,Athletics,144
Germany,Athletics,95
Great Britain,Athletics,75
Italy,Athletics,73
Japan,Athletics,70
France,Athletics,66
Australia,Athletics,65
Poland,Athletics,64
Spain,Athletics,58
Canada,Athletics,56
Jamaica,Athletics,54
Brazil,Athletics,53
People's Republic of China,Athletics,53
Ukraine,Athletics,48
Netherlands,Athletics,44
Australia,Football,43
Japan,Football,42
Brazil,Football,41
New Zealand,Football,39
Ethiopia,Athletics,39
United States of America,Swimming,39
Great Britain,Rowing,39
United States of America,Baseball/Softball,38
Japan,Baseball/Softball,37
Australia,Rowing,37
Kenya,Athletics,37
Mexico,Baseball/Softball,37
United States of America,Rowing,36
Argentina,Hockey,35
India,Hockey,35
Spain,Hockey,35
South Africa,Hockey,35
Australia,Hockey,35
Netherlands,Rowing,34
Romania,Rowing,34
Great Britain,Hockey,34
Netherlands,Hockey,33
Germany,Hockey,33
Belarus,Athletics,33
Japan,Hockey,32
Japan,Rugby Sevens,32
Czech Republic,Athletics,31
South Africa,Athletics,30
Australia,Swimming,30
Belgium,Athletics,30
New Zealand,Hockey,30
Norway,Handball,30
Switzerland,Athletics,30
Italy,Swimming,29
Spain,Handball,29
Canada,Rowing,28
Japan,Handball,28
Sweden,Handball,28
France,Handball,28
Brazil,Handball,28
ROC,Swimming,28
Ireland,Athletics,27
Great Britain,Swimming,27
Spain,Water Polo,26
People's Republic of China,Rowing,26
United States of America,Water Polo,25
Japan,Swimming,25
India,Athletics,25
Australia,Water Polo,25
People's Republic of China,Swimming,25
New Zealand,Rowing,25
Hungary,Water Polo,25
Turkey,Athletics,24
Colombia,Athletics,24
People's Republic of China,Shooting,24
United States of America,Rugby Sevens,24
Germany,Swimming,24
Spain,Basketball,24
United States of America,Fencing,24
Japan,Water Polo,23
Australia,Basketball,23
Italy,Fencing,23
Germany,Rowing,23
Great Britain,Rugby Sevens,23
Japan,Basketball,23
Brazil,Volleyball,23
Argentina,Volleyball,23
New Zealand,Rugby Sevens,23
Italy,Rowing,23
France,Basketball,23
Australia,Rugby Sevens,23
United States of America,Basketball,23
Nigeria,Basketball,23
Canada,Rugby Sevens,23
Italy,Volleyball,22
Republic of Korea,Baseball/Softball,22
United States of America,Volleyball,22
Trinidad and Tobago,Athletics,22
South Africa,Water Polo,22
ROC,Volleyball,22
Israel,Baseball/Softball,22
Fiji,Rugby Sevens,22
Canada,Football,22
Finland,Athletics,22
Japan,Volleyball,22
France,Football,21
Saudi Arabia,Football,21
Zambia,Football,21
Kenya,Rugby Sevens,21
Dominican Republic,Baseball/Softball,21
Chile,Football,21
Great Britain,Football,21
ROC,Fencing,21
Mexico,Football,21
People's Republic of China,Football,20
Sweden,Athletics,20
C�te d'Ivoire,Football,20
Romania,Football,20
Greece,Athletics,20
United States of America,Football,20
Nigeria,Athletics,20
Hungary,Swimming,20
Egypt,Football,20
Canada,Swimming,20
Sweden,Football,20
Netherlands,Football,20
Honduras,Football,20
Republic of Korea,Football,20
Argentina,Football,19
Japan,Fencing,19
Hungary,Athletics,19
Portugal,Athletics,19
United States of America,Shooting,19
Spain,Football,19
South Africa,Football,19
Poland,Rowing,19
Germany,Cycling Track,18
Republic of Korea,Fencing,18
Ireland,Hockey,18
Cuba,Athletics,18
Mexico,Athletics,18
Canada,Hockey,18
Uganda,Athletics,18
Ecuador,Athletics,18
ROC,Shooting,17
People's Republic of China,Hockey,17
Hungary,Canoe Sprint,17
France,Swimming,17
France,Fencing,17
Brazil,Swimming,17
Germany,Football,17
New Zealand,Cycling Track,16
ROC,Wrestling,16
Morocco,Athletics,16
Belgium,Hockey,16
Denmark,Athletics,16
Australia,Cycling Track,16
Australia,Baseball/Softball,15
Republic of Korea,Shooting,15
Great Britain,Cycling Track,15
Republic of Korea,Handball,15
People's Republic of China,Fencing,15
Denmark,Handball,15
Germany,Canoe Sprint,15
Argentina,Handball,15
Montenegro,Handball,15
Germany,Handball,15
Norway,Athletics,15
Japan,Sailing,15
Netherlands,Handball,15
Canada,Canoe Sprint,14
Italy,Shooting,14
Canada,Cycling Track,14
Republic of Korea,Judo,14
Australia,Shooting,14
Canada,Baseball/Softball,14
Bahrain,Handball,14
ROC,Handball,14
Egypt,Handball,14
Great Britain,Sailing,14
ROC,Canoe Sprint,14
France,Sailing,14
People's Republic of China,Canoe Sprint,14
Netherlands,Swimming,14
Angola,Handball,14
Hungary,Handball,14
Bahamas,Athletics,14
People's Republic of China,Badminton,14
Italy,Baseball/Softball,14
United States of America,Wrestling,14
Serbia,Water Polo,13
ROC,Judo,13
United States of America,Sailing,13
France,Judo,13
Montenegro,Water Polo,13
Japan,Judo,13
Spain,Sailing,13
Mexico,Diving,13
Canada,Water Polo,13
India,Shooting,13
Brazil,Sailing,13
Netherlands,Water Polo,13
Bahrain,Athletics,13
Australia,Canoe Sprint,13
Canada,Basketball,12
ROC,Water Polo,12
Japan,Equestrian,12
Mongolia,Judo,12
Islamic Republic of Iran,Basketball,12
Czech Republic,Basketball,12
Australia,Sailing,12
People's Republic of China,Water Polo,12
Ireland,Rugby Sevens,12
Portugal,Handball,12
Brazil,Skateboarding,12
Serbia,Basketball,12
Slovenia,Basketball,12
Serbia,Volleyball,12
People's Republic of China,Volleyball,12
Argentina,Rugby Sevens,12
Dominican Republic,Volleyball,12
People's Republic of China,Basketball,12
People's Republic of China,Artistic Gymnastics,12
ROC,Artistic Gymnastics,12
Republic of Korea,Volleyball,12
Canada,Volleyball,12
France,Cycling Track,12
Hungary,Fencing,12
Kenya,Volleyball,12
Brazil,Rugby Sevens,12
South Africa,Swimming,12
Croatia,Water Polo,12
Cuba,Wrestling,12
Italy,Water Polo,12
Argentina,Basketball,12
Japan,Shooting,12
New Zealand,Athletics,12
Islamic Republic of Iran,Volleyball,12
Venezuela,Volleyball,12
Egypt,Fencing,12
Israel,Judo,12
Belgium,Basketball,12
Puerto Rico,Basketball,12
Germany,Basketball,12
Turkey,Volleyball,12
Belarus,Canoe Sprint,12
Greece,Water Polo,12
South Africa,Rugby Sevens,12
United States of America,Artistic Gymnastics,11
Ireland,Rowing,11
Canada,Fencing,11
France,Rugby Sevens,11
Brazil,Judo,11
People's Republic of China,Wrestling,11
Japan,Badminton,11
United States of America,Skateboarding,11
Japan,Wrestling,11
Kazakhstan,Water Polo,11
Germany,Equestrian,11
Islamic Republic of Iran,Wrestling,11
Uzbekistan,Boxing,11
Spain,Canoe Sprint,11
Republic of Korea,Basketball,11
Germany,Judo,11
Great Britain,Equestrian,11
Japan,Artistic Gymnastics,11
France,Volleyball,11
Argentina,Sailing,11
United States of America,Equestrian,11
ROC,Rugby Sevens,11
Sweden,Equestrian,11
France,Equestrian,11
ROC,Boxing,11
Japan,Diving,11
Great Britain,Diving,11
Poland,Volleyball,11
France,Rowing,11
Republic of Korea,Rugby Sevens,11
People's Republic of China,Rugby Sevens,11
Republic of Korea,Badminton,10
United States of America,Tennis,10
Kazakhstan,Wrestling,10
Kazakhstan,Athletics,10
Turkey,Swimming,10
New Zealand,Sailing,10
Netherlands,Equestrian,10
Egypt,Shooting,10
Romania,Athletics,10
Belgium,Equestrian,10
Sweden,Swimming,10
People's Republic of China,Sailing,10
Australia,Tennis,10
ROC,Athletics,10
Indonesia,Badminton,10
Israel,Swimming,10
Tunisia,Volleyball,10
Italy,Cycling Track,10
France,Shooting,10
ROC,Rowing,10
Great Britain,Boxing,10
Netherlands,Sailing,10
United States of America,Diving,10
Japan,Skateboarding,10
Ukraine,Canoe Sprint,10
Netherlands,Judo,10
Australia,Equestrian,10
Japan,Tennis,10
Italy,Basketball,10
Canada,Diving,9
Ukraine,Wrestling,9
Brazil,Equestrian,9
Poland,Cycling Track,9
Denmark,Swimming,9
Switzerland,Rowing,9
Israel,Athletics,9
Azerbaijan,Judo,9
Netherlands,Cycling Track,9
Italy,Cycling Road,9
Kyrgyzstan,Wrestling,9
Canada,Sailing,9
United States of America,Cycling Track,9
Lithuania,Athletics,9
Netherlands,Cycling Road,9
Spain,Artistic Gymnastics,9
Botswana,Athletics,9
Denmark,Rowing,9
Germany,Tennis,9
France,Tennis,9
Ireland,Equestrian,9
Germany,Fencing,9
Slovakia,Athletics,9
Turkey,Wrestling,9
Germany,Sailing,9
Tunisia,Wrestling,9
ROC,Cycling Track,9
Lithuania,Rowing,9
Guatemala,Athletics,9
Eritrea,Athletics,9
Mongolia,Wrestling,9
Sweden,Sailing,9
Georgia,Judo,9
Belgium,Cycling Road,8
Japan,Artistic Swimming,8
Belarus,Wrestling,8
New Zealand,Equestrian,8
Italy,Sailing,8
Portugal,Judo,8
Greece,Sailing,8
Uzbekistan,Wrestling,8
Uzbekistan,Judo,8
Japan,Canoe Sprint,8
Germany,Shooting,8
ROC,Tennis,8
Italy,Artistic Swimming,8
Qatar,Athletics,8
Republic of Korea,Swimming,8
Egypt,Wrestling,8
Canada,Badminton,8
Malaysia,Badminton,8
Algeria,Athletics,8
Norway,Sailing,8
Italy,Judo,8
France,Canoe Sprint,8
Australia,Cycling Road,8
Czech Republic,Shooting,8
Japan,3x3 Basketball,8
Great Britain,Artistic Gymnastics,8
Japan,Karate,8
Spain,Artistic Swimming,8
Egypt,Artistic Swimming,8
Kazakhstan,Boxing,8
Poland,Canoe Sprint,8
Ukraine,Artistic Swimming,8
People's Republic of China,Equestrian,8
Denmark,Sailing,8
United States of America,Beach Volleyball,8
Turkey,Sailing,8
Switzerland,Equestrian,8
United States of America,Boxing,8
United States of America,Weightlifting,8
People's Republic of China,3x3 Basketball,8
Greece,Artistic Swimming,8
Spain,Swimming,8
Algeria,Boxing,8
People's Republic of China,Diving,8
Germany,Artistic Gymnastics,8
"Hong Kong, China",Fencing,8
Denmark,Badminton,8
United States of America,Golf,8
Poland,Swimming,8
ROC,3x3 Basketball,8
Czech Republic,Swimming,8
People's Republic of China,Artistic Swimming,8
Tunisia,Fencing,7
Italy,Rhythmic Gymnastics,7
Argentina,Tennis,7
Latvia,Athletics,7
Germany,Diving,7
Estonia,Athletics,7
Peru,Athletics,7
Spain,Judo,7
ROC,Rhythmic Gymnastics,7
Hungary,Judo,7
Great Britain,Badminton,7
United States of America,Rhythmic Gymnastics,7
Norway,Rowing,7
Portugal,Canoe Sprint,7
Cuba,Boxing,7
Brazil,Beach Volleyball,7
Israel,Rhythmic Gymnastics,7
Dominican Republic,Boxing,7
Canada,Equestrian,7
Kazakhstan,Tennis,7
Georgia,Wrestling,7
Slovakia,Shooting,7
Republic of Korea,Weightlifting,7
Chinese Taipei,Weightlifting,7
Australia,Artistic Swimming,7
India,Boxing,7
Ghana,Athletics,7
Ukraine,Rhythmic Gymnastics,7
ROC,Artistic Swimming,7
Austria,Athletics,7
Japan,Weightlifting,7
Germany,Cycling Road,7
Germany,Wrestling,7
Belarus,Rhythmic Gymnastics,7
United States of America,Cycling Road,7
Japan,Rhythmic Gymnastics,7
Algeria,Wrestling,7
Greece,Swimming,7
Poland,Sailing,7
Dominican Republic,Athletics,7
France,Artistic Gymnastics,7
Australia,Diving,7
Uzbekistan,Athletics,7
Ukraine,Judo,7
Brazil,Boxing,7
Thailand,Badminton,7
India,Wrestling,7
Bulgaria,Wrestling,7
Spain,Tennis,7
Austria,Swimming,7
Bulgaria,Rhythmic Gymnastics,7
Slovenia,Athletics,7
Japan,Cycling Track,7
Croatia,Athletics,7
Denmark,Cycling Track,7
People's Republic of China,Weightlifting,7
Azerbaijan,Wrestling,7
United States of America,Table Tennis,6
Japan,Boxing,6
Czech Republic,Equestrian,6
Denmark,Equestrian,6
ROC,Diving,6
Croatia,Tennis,6
Serbia,Shooting,6
Spain,Rowing,6
Switzerland,Swimming,6
Republic of Korea,Taekwondo,6
Czech Republic,Tennis,6
Australia,Rhythmic Gymnastics,6
Ukraine,Shooting,6
People's Republic of China,Table Tennis,6
United States of America,Archery,6
Switzerland,Sailing,6
Thailand,Shooting,6
Ireland,Cycling Track,6
Turkey,Boxing,6
Portugal,Swimming,6
Chinese Taipei,Table Tennis,6
France,Cycling Road,6
Australia,Table Tennis,6
Ireland,Swimming,6
"Hong Kong, China",Table Tennis,6
Ukraine,Diving,6
Barbados,Athletics,6
New Zealand,Swimming,6
Brazil,Table Tennis,6
Brazil,Artistic Gymnastics,6
Italy,Tennis,6
Germany,Table Tennis,6
Czech Republic,Rowing,6
Canada,Cycling Road,6
Japan,Table Tennis,6
ROC,Beach Volleyball,6
Azerbaijan,Rhythmic Gymnastics,6
Kazakhstan,Judo,6
Denmark,Cycling Road,6
Republic of Korea,Artistic Gymnastics,6
Italy,Equestrian,6
Poland,Wrestling,6
Armenia,Wrestling,6
France,Table Tennis,6
Germany,Beach Volleyball,6
Italy,Diving,6
Japan,Archery,6
Switzerland,Cycling Mountain Bike,6
Refugee Olympic Team,Athletics,6
Ireland,Boxing,6
Republic of Korea,Athletics,6
Netherlands,Beach Volleyball,6
Chinese Taipei,Athletics,6
Ukraine,Swimming,6
Norway,Cycling Road,6
Morocco,Boxing,6
Italy,Beach Volleyball,6
Cuba,Judo,6
Spain,Cycling Road,6
Refugee Olympic Team,Judo,6
Netherlands,Artistic Gymnastics,6
People's Republic of China,Archery,6
New Zealand,Canoe Sprint,6
"Hong Kong, China",Swimming,6
People's Republic of China,Boxing,6
Egypt,Rhythmic Gymnastics,6
Republic of Korea,Archery,6
ROC,Equestrian,6
South Africa,Rowing,6
Poland,Judo,6
Switzerland,Cycling Track,6
Colombia,Boxing,6
Canada,Artistic Swimming,6
ROC,Sailing,6
Islamic Republic of Iran,Shooting,6
Austria,Sailing,6
Poland,Tennis,6
Republic of Korea,Table Tennis,6
Italy,Artistic Gymnastics,6
Chinese Taipei,Archery,6
Republic of Moldova,Athletics,5
Hungary,Wrestling,5
Brazil,Tennis,5
Uzbekistan,Rhythmic Gymnastics,5
Turkey,Artistic Gymnastics,5
Canada,Judo,5
Israel,Sailing,5
Great Britain,Triathlon,5
Germany,Badminton,5
Mexico,Equestrian,5
Serbia,Judo,5
Canada,Boxing,5
Chinese Taipei,Badminton,5
New Zealand,Weightlifting,5
Brazil,Rhythmic Gymnastics,5
Bulgaria,Swimming,5
People's Republic of China,Taekwondo,5
Switzerland,Cycling Road,5
Slovenia,Judo,5
Norway,Shooting,5
Belgium,Cycling Track,5
Indonesia,Weightlifting,5
Italy,Triathlon,5
People's Republic of China,Cycling Track,5
United States of America,Triathlon,5
Bulgaria,Athletics,5
Ukraine,Artistic Gymnastics,5
Spain,Triathlon,5
Republic of Korea,Golf,5
Great Britain,Judo,5
Australia,Triathlon,5
Great Britain,Cycling Road,5
Nigeria,Wrestling,5
France,Cycling BMX Racing,5
Georgia,Athletics,5
Argentina,Athletics,5
Austria,Table Tennis,5
Canada,Weightlifting,5
Romania,Wrestling,5
Australia,Skateboarding,5
Egypt,Table Tennis,5
Morocco,Equestrian,5
Cuba,Canoe Sprint,5
Egypt,Athletics,5
Great Britain,Archery,5
Ukraine,Boxing,5
Chinese Taipei,Tennis,5
Tunisia,Weightlifting,5
People's Republic of China,Judo,5
People's Republic of China,Rhythmic Gymnastics,5
Austria,Equestrian,5
France,Boxing,5
Kazakhstan,Karate,5
Italy,Karate,5
France,Skateboarding,5
Republic of Korea,Diving,5
Finland,Sailing,5
Portugal,Sailing,5
People's Republic of China,Tennis,5
Jordan,Boxing,5
Turkey,Judo,5
Malaysia,Diving,5
Great Britain,Tennis,5
Turkey,Karate,5
Austria,Judo,5
Great Britain,Taekwondo,5
Serbia,Athletics,5
Hungary,Table Tennis,5
Belarus,Swimming,5
Australia,Weightlifting,5
Chinese Taipei,Shooting,5
Peru,Sailing,5
Great Britain,Shooting,5
Kazakhstan,Canoe Sprint,5
Finland,Swimming,5
Argentina,Boxing,5
Poland,Cycling Road,5
France,Triathlon,5
Canada,Artistic Gymnastics,5
Turkey,Taekwondo,5
Belarus,Rowing,5
Cuba,Shooting,5
Portugal,Table Tennis,5
Switzerland,Beach Volleyball,5
Serbia,Swimming,5
Colombia,Cycling Road,5
Spain,Equestrian,5
Netherlands,Cycling BMX Racing,5
Poland,Fencing,5
India,Sailing,4
Canada,Wrestling,4
Croatia,Sailing,4
Mexico,Golf,4
Netherlands,Archery,4
Slovenia,Cycling Road,4
Latvia,Beach Volleyball,4
France,Archery,4
Ireland,Golf,4
Tunisia,Sailing,4
Germany,Archery,4
Turkmenistan,Weightlifting,4
Peru,Surfing,4
Canada,Skateboarding,4
United States of America,Cycling Mountain Bike,4
Argentina,Shooting,4
Egypt,Equestrian,4
Italy,3x3 Basketball,4
Japan,Beach Volleyball,4
Mexico,Weightlifting,4
Switzerland,Triathlon,4
Australia,Beach Volleyball,4
Germany,Karate,4
Spain,Weightlifting,4
Brazil,Diving,4
Venezuela,Weightlifting,4
Slovenia,Canoe Slalom,4
Mexico,Sailing,4
Japan,Sport Climbing,4
Uzbekistan,Taekwondo,4
Puerto Rico,Athletics,4
France,Weightlifting,4
Egypt,Taekwondo,4
Netherlands,Tennis,4
Egypt,Modern Pentathlon,4
Estonia,Fencing,4
Islamic Republic of Iran,Athletics,4
Belgium,Tennis,4
Kosovo,Judo,4
Austria,Cycling Road,4
Belgium,Artistic Gymnastics,4
United States of America,Judo,4
Lithuania,Swimming,4
Canada,Tennis,4
Japan,Cycling Road,4
Japan,Trampoline Gymnastics,4
Serbia,Wrestling,4
Sweden,Table Tennis,4
Chinese Taipei,Boxing,4
Spain,Canoe Slalom,4
Poland,3x3 Basketball,4
Australia,Badminton,4
"Hong Kong, China",Cycling Track,4
Switzerland,Fencing,4
Denmark,Golf,4
Norway,Triathlon,4
Spain,Taekwondo,4
Republic of Korea,Sailing,4
Chinese Taipei,Artistic Gymnastics,4
ROC,Taekwondo,4
Australia,Golf,4
Ecuador,Weightlifting,4
Czech Republic,Cycling Road,4
Great Britain,Modern Pentathlon,4
Great Britain,Weightlifting,4
South Africa,Cycling Road,4
Croatia,Shooting,4
Philippines,Boxing,4
Hungary,Triathlon,4
Democratic Republic of the Congo,Boxing,4
Egypt,Karate,4
India,Archery,4
ROC,Triathlon,4
Australia,Surfing,4
Belarus,Boxing,4
Thailand,Boxing,4
Nigeria,Table Tennis,4
Switzerland,Canoe Slalom,4
Serbia,Tennis,4
Norway,Swimming,4
France,Modern Pentathlon,4
Romania,3x3 Basketball,4
People's Republic of China,Beach Volleyball,4
People's Republic of China,Trampoline Gymnastics,4
Australia,Boxing,4
Argentina,Equestrian,4
Mexico,Triathlon,4
Germany,Cycling Mountain Bike,4
"Hong Kong, China",Badminton,4
Brazil,Surfing,4
France,Golf,4
Germany,Canoe Slalom,4
Mexico,Modern Pentathlon,4
Portugal,Equestrian,4
Namibia,Athletics,4
Singapore,Sailing,4
Mexico,Archery,4
Kenya,Boxing,4
Finland,Golf,4
Poland,Equestrian,4
Australia,Taekwondo,4
Belgium,Judo,4
Great Britain,Canoe Sprint,4
Spain,Beach Volleyball,4
Belgium,3x3 Basketball,4
Italy,Cycling Mountain Bike,4
Japan,Taekwondo,4
ROC,Cycling Road,4
Cyprus,Sailing,4
Germany,Modern Pentathlon,4
United States of America,Badminton,4
Kuwait,Shooting,4
Japan,Triathlon,4
ROC,Trampoline Gymnastics,4
United States of America,Cycling BMX Racing,4
Dominican Republic,Weightlifting,4
Denmark,Canoe Sprint,4
Slovakia,Canoe Sprint,4
Canada,Triathlon,4
Chinese Taipei,Taekwondo,4
India,Table Tennis,4
Poland,Shooting,4
Great Britain,Golf,4
Czech Republic,Beach Volleyball,4
Egypt,Swimming,4
France,Surfing,4
Netherlands,3x3 Basketball,4
Canada,Canoe Slalom,4
Germany,Golf,4
Serbia,3x3 Basketball,4
Spain,Skateboarding,4
People's Republic of China,Modern Pentathlon,4
Turkey,Shooting,4
Georgia,Weightlifting,4
Slovakia,Canoe Slalom,4
Greece,Rowing,4
Czech Republic,Canoe Sprint,4
Cuba,Weightlifting,4
Belgium,Sailing,4
Germany,Triathlon,4
United States of America,Karate,4
Thailand,Golf,4
Venezuela,Athletics,4
Ukraine,Fencing,4
Canada,Golf,4
Sweden,Golf,4
Spain,Boxing,4
Mongolia,3x3 Basketball,4
Poland,Beach Volleyball,4
Hungary,Shooting,4
C�te d'Ivoire,Taekwondo,4
Poland,Canoe Slalom,4
Italy,Golf,4
Mongolia,Shooting,4
United States of America,Cycling BMX Freestyle,4
Japan,Golf,4
Ukraine,Archery,4
France,Sport Climbing,4
Czech Republic,Canoe Slalom,4
Grenada,Athletics,4
Ecuador,Boxing,4
Austria,Triathlon,4
Switzerland,Artistic Gymnastics,4
United States of America,3x3 Basketball,4
Estonia,Rowing,4
Italy,Canoe Sprint,4
Romania,Table Tennis,4
France,Cycling Mountain Bike,4
Mexico,Shooting,4
United States of America,Surfing,4
South Africa,Triathlon,4
Islamic Republic of Iran,Fencing,4
Indonesia,Archery,4
Germany,Marathon Swimming,4
Netherlands,Cycling Mountain Bike,4
People's Republic of China,Golf,4
Panama,Athletics,4
Sweden,Judo,4
Uzbekistan,Weightlifting,4
Singapore,Table Tennis,4
Hungary,Sailing,4
France,Badminton,4
Belgium,Golf,3
Philippines,Golf,3
Puerto Rico,Judo,3
India,Tennis,3
Belarus,Archery,3
Spain,Golf,3
Venezuela,Karate,3
Netherlands,Triathlon,3
Zambia,Boxing,3
People's Republic of China,Canoe Slalom,3
Cameroon,Boxing,3
Guatemala,Shooting,3
Denmark,Shooting,3
Costa Rica,Athletics,3
Slovenia,Swimming,3
Brazil,Triathlon,3
Austria,Canoe Slalom,3
Eritrea,Cycling Road,3
Italy,Sport Climbing,3
Islamic Republic of Iran,Taekwondo,3
Kazakhstan,Cycling Road,3
Chile,Athletics,3
Australia,Judo,3
Kyrgyzstan,Athletics,3
Chinese Taipei,Golf,3
Singapore,Swimming,3
Denmark,Cycling Mountain Bike,3
Algeria,Fencing,3
C�te d'Ivoire,Athletics,3
Brazil,Wrestling,3
ROC,Badminton,3
Bulgaria,Boxing,3
Switzerland,Cycling BMX Racing,3
Great Britain,Table Tennis,3
Germany,Weightlifting,3
Italy,Boxing,3
Mexico,Cycling Track,3
Poland,Weightlifting,3
Israel,Artistic Gymnastics,3
Benin,Athletics,3
India,Golf,3
Canada,Beach Volleyball,3
Croatia,Judo,3
Bulgaria,Judo,3
Guyana,Athletics,3
Chinese Taipei,Swimming,3
Brazil,Canoe Sprint,3
ROC,Cycling BMX Racing,3
Uruguay,Athletics,3
France,Diving,3
Japan,Rowing,3
Netherlands,Badminton,3
Romania,Swimming,3
Morocco,Taekwondo,3
Ghana,Boxing,3
Mongolia,Boxing,3
Ecuador,Judo,3
Slovakia,Tennis,3
Colombia,Wrestling,3
Samoa,Canoe Sprint,3
ROC,Archery,3
Japan,Modern Pentathlon,3
Egypt,Artistic Gymnastics,3
Azerbaijan,Karate,3
Great Britain,Canoe Slalom,3
Belarus,Tennis,3
Italy,Archery,3
Argentina,Beach Volleyball,3
India,Badminton,3
New Zealand,Triathlon,3
Tajikistan,Judo,3
Ukraine,Tennis,3
India,Swimming,3
Australia,Canoe Slalom,3
Kazakhstan,Shooting,3
Brazil,Cycling Mountain Bike,3
Venezuela,Boxing,3
Ukraine,Karate,3
Cyprus,Athletics,3
Tunisia,Athletics,3
Belgium,Triathlon,3
Latvia,3x3 Basketball,3
Azerbaijan,Boxing,3
Republic of Korea,Modern Pentathlon,3
France,Canoe Slalom,3
Croatia,Taekwondo,3
Burundi,Athletics,3
Refugee Olympic Team,Taekwondo,3
France,Marathon Swimming,3
Mexico,Swimming,3
Slovenia,Table Tennis,3
United States of America,Sport Climbing,3
ROC,Table Tennis,3
Argentina,Swimming,3
Republic of Moldova,Canoe Sprint,3
Belarus,Judo,3
Canada,Table Tennis,3
Belarus,Modern Pentathlon,3
Ireland,Sailing,3
South Africa,Skateboarding,3
Serbia,Rowing,3
Mexico,Boxing,3
Egypt,Badminton,3
Austria,Cycling Track,3
Finland,Shooting,3
Chinese Taipei,Judo,3
Uruguay,Sailing,3
Malaysia,Sailing,3
Poland,Table Tennis,3
Romania,Judo,3
Australia,Cycling BMX Racing,3
ROC,Modern Pentathlon,3
Spain,Cycling Mountain Bike,3
South Africa,Cycling Track,3
Colombia,Weightlifting,3
Poland,Modern Pentathlon,3
Germany,Boxing,3
Uzbekistan,Fencing,3
Bulgaria,Shooting,3
Lithuania,Modern Pentathlon,3
Italy,Skateboarding,3
Japan,Surfing,3
Uganda,Boxing,3
Ukraine,Table Tennis,3
Cyprus,Shooting,3
Venezuela,Swimming,3
Estonia,Swimming,3
Mozambique,Sailing,3
Italy,Weightlifting,3
Croatia,Table Tennis,3
Serbia,Canoe Sprint,3
France,3x3 Basketball,3
Italy,Canoe Slalom,3
South Africa,Sailing,3
Dominican Republic,Taekwondo,3
Serbia,Table Tennis,3
Mongolia,Athletics,3
Hungary,Modern Pentathlon,3
Tunisia,Judo,3
Portugal,Triathlon,3
Austria,Rowing,3
Venezuela,Judo,3
Slovakia,Table Tennis,3
Croatia,Rowing,3
Austria,Golf,3
Japan,Canoe Slalom,3
Slovenia,Sailing,3
Israel,Equestrian,3
Islamic Republic of Iran,Karate,3
Argentina,Canoe Sprint,3
Italy,Marathon Swimming,3
Canada,Cycling Mountain Bike,3
Pakistan,Shooting,3
United States of America,Marathon Swimming,3
Romania,Tennis,3
France,Karate,3
Kazakhstan,Archery,3
Peru,Shooting,3
Liberia,Athletics,3
Belarus,Shooting,3
Puerto Rico,Table Tennis,3
Georgia,Boxing,3
Sweden,Wrestling,3
South Africa,Golf,3
Thailand,Equestrian,3
Romania,Artistic Gymnastics,3
Czech Republic,Table Tennis,3
Colombia,Tennis,3
Venezuela,Rowing,2
Comoros,Athletics,2
Tunisia,Archery,2
Ghana,Swimming,2
Algeria,Cycling Road,2
Kazakhstan,Artistic Swimming,2
South Africa,Sport Climbing,2
Kazakhstan,Table Tennis,2
Croatia,Swimming,2
Turkey,Cycling Road,2
Palau,Swimming,2
Colombia,Swimming,2
Aruba,Swimming,2
Sweden,Boxing,2
Belgium,Swimming,2
Malawi,Swimming,2
Greece,Judo,2
Afghanistan,Athletics,2
Marshall Islands,Swimming,2
Austria,Tennis,2
Turkey,Archery,2
Costa Rica,Surfing,2
Estonia,Cycling Road,2
Venezuela,Fencing,2
Paraguay,Swimming,2
Cayman Islands,Athletics,2
Ukraine,Equestrian,2
Bosnia and Herzegovina,Athletics,2
Nepal,Swimming,2
Madagascar,Swimming,2
Brazil,Cycling BMX Racing,2
South Africa,Diving,2
Croatia,Artistic Gymnastics,2
Uruguay,Swimming,2
Kenya,Swimming,2
Ecuador,Wrestling,2
Angola,Sailing,2
Croatia,Canoe Sprint,2
France,Wrestling,2
Kazakhstan,Cycling Track,2
Djibouti,Athletics,2
People's Republic of China,Cycling Mountain Bike,2
Singapore,Diving,2
Spain,Badminton,2
Chile,Weightlifting,2
Netherlands,Diving,2
Finland,Wrestling,2
Singapore,Badminton,2
Croatia,Boxing,2
"Virgin Islands, US",Swimming,2
Armenia,Swimming,2
Guinea,Swimming,2
Republic of Moldova,Swimming,2
Honduras,Swimming,2
Portugal,Surfing,2
Saint Lucia,Sailing,2
Lithuania,Cycling Track,2
Argentina,Table Tennis,2
Brazil,Badminton,2
Lebanon,Swimming,2
Egypt,Trampoline Gymnastics,2
Israel,Badminton,2
Austria,Shooting,2
Cameroon,Swimming,2
Norway,Beach Volleyball,2
Fiji,Swimming,2
North Macedonia,Swimming,2
Vietnam,Badminton,2
Slovenia,Sport Climbing,2
Vietnam,Boxing,2
Albania,Weightlifting,2
South Africa,Cycling Mountain Bike,2
Greece,Wrestling,2
Romania,Fencing,2
Chile,Rowing,2
Uganda,Swimming,2
Vietnam,Archery,2
Panama,Judo,2
Sweden,Canoe Sprint,2
Canada,Taekwondo,2
Malaysia,Artistic Gymnastics,2
Iraq,Athletics,2
St Vincent and the Grenadines,Swimming,2
Cape Verde,Swimming,2
Sierra Leone,Swimming,2
Chile,Beach Volleyball,2
Saudi Arabia,Weightlifting,2
Bolivia,Swimming,2
Turkmenistan,Swimming,2
Malaysia,Golf,2
Spain,Cycling Track,2
Oman,Athletics,2
Senegal,Swimming,2
Trinidad and Tobago,Swimming,2
Thailand,Sailing,2
Mauritius,Boxing,2
Hungary,Badminton,2
Colombia,Diving,2
Colombia,Taekwondo,2
Vietnam,Artistic Gymnastics,2
Spain,Marathon Swimming,2
Australia,Marathon Swimming,2
United States of America,Canoe Slalom,2
Italy,Taekwondo,2
Cuba,Swimming,2
Colombia,Golf,2
New Zealand,Surfing,2
Federated States of Micronesia,Swimming,2
ROC,Sport Climbing,2
Thailand,Rowing,2
Cambodia,Swimming,2
Azerbaijan,Artistic Gymnastics,2
Belgium,Rowing,2
Bolivia,Athletics,2
Mali,Athletics,2
Australia,Cycling Mountain Bike,2
Estonia,Sailing,2
Malta,Swimming,2
Cayman Islands,Swimming,2
Romania,Boxing,2
France,Artistic Swimming,2
Gabon,Swimming,2
Tajikistan,Swimming,2
Hungary,Cycling Mountain Bike,2
El Salvador,Swimming,2
India,Rowing,2
Republic of Moldova,Judo,2
Tonga,Swimming,2
Estonia,Wrestling,2
ROC,Marathon Swimming,2
Montenegro,Swimming,2
Morocco,Judo,2
Slovakia,Swimming,2
Greece,Shooting,2
Lithuania,Sailing,2
Cuba,Table Tennis,2
Azerbaijan,Swimming,2
ROC,Canoe Slalom,2
Republic of Korea,Boxing,2
Republic of Moldova,Archery,2
Egypt,Archery,2
Mexico,Cycling Mountain Bike,2
Canada,Cycling BMX Racing,2
Azerbaijan,Athletics,2
Japan,Marathon Swimming,2
ROC,Cycling Mountain Bike,2
People's Republic of China,Skateboarding,2
Nicaragua,Rowing,2
Australia,Sport Climbing,2
Papua New Guinea,Swimming,2
Niger,Taekwondo,2
Czech Republic,Artistic Gymnastics,2
Algeria,Sailing,2
Kazakhstan,Canoe Slalom,2
Austria,Canoe Sprint,2
Belize,Athletics,2
Guyana,Swimming,2
"Virgin Islands, British",Athletics,2
Switzerland,Tennis,2
People's Republic of China,Sport Climbing,2
Colombia,Cycling BMX Racing,2
Malaysia,Swimming,2
Thailand,Athletics,2
Netherlands,Marathon Swimming,2
Austria,Weightlifting,2
Mexico,Wrestling,2
Bangladesh,Swimming,2
Kuwait,Swimming,2
Austria,Artistic Swimming,2
Ecuador,Swimming,2
Belarus,Cycling Track,2
Great Britain,Cycling Mountain Bike,2
People's Republic of China,Cycling Road,2
Norway,Golf,2
Netherlands,Boxing,2
Chile,Triathlon,2
Saudi Arabia,Athletics,2
Mongolia,Weightlifting,2
Montenegro,Athletics,2
Kazakhstan,Swimming,2
Luxembourg,Cycling Road,2
Belarus,Trampoline Gymnastics,2
Pakistan,Swimming,2
Slovakia,Cycling Road,2
Sao Tome and Principe,Canoe Sprint,2
Botswana,Boxing,2
United Arab Emirates,Judo,2
Ukraine,Cycling Road,2
Uzbekistan,Swimming,2
Ecuador,Marathon Swimming,2
Republic of Moldova,Weightlifting,2
Brazil,Archery,2
Brazil,Weightlifting,2
Ukraine,Rowing,2
Kazakhstan,Taekwondo,2
Belarus,Equestrian,2
Kuwait,Athletics,2
Australia,Artistic Gymnastics,2
Uzbekistan,Modern Pentathlon,2
Tunisia,Shooting,2
Ukraine,Weightlifting,2
Vietnam,Weightlifting,2
Cuba,Modern Pentathlon,2
Egypt,Diving,2
Mongolia,Table Tennis,2
Brazil,Canoe Slalom,2
Bahrain,Swimming,2
Norway,Artistic Gymnastics,2
Czech Republic,Judo,2
Germany,Skateboarding,2
Slovenia,Canoe Sprint,2
Bulgaria,Badminton,2
Poland,Taekwondo,2
Portugal,Cycling Road,2
Liechtenstein,Swimming,2
Chile,Canoe Sprint,2
Sweden,Artistic Gymnastics,2
Uzbekistan,Rowing,2
Burkina Faso,Athletics,2
Portugal,Marathon Swimming,2
Italy,Wrestling,2
Serbia,Taekwondo,2
Spain,Shooting,2
Mexico,Badminton,2
Costa Rica,Swimming,2
Republic of Moldova,Wrestling,2
Angola,Swimming,2
Niger,Swimming,2
Uruguay,Rowing,2
Spain,Diving,2
Mongolia,Archery,2
Ukraine,Badminton,2
Great Britain,Cycling BMX Racing,2
Costa Rica,Cycling Road,2
Belarus,Weightlifting,2
Egypt,Canoe Sprint,2
Samoa,Boxing,2
Chile,Equestrian,2
Morocco,Beach Volleyball,2
Albania,Swimming,2
Nigeria,Badminton,2
United States of America,Trampoline Gymnastics,2
Egypt,Judo,2
Zimbabwe,Swimming,2
Latvia,Weightlifting,2
Dominican Republic,Equestrian,2
Estonia,Badminton,2
Burkina Faso,Swimming,2
Thailand,Taekwondo,2
Congo,Athletics,2
Czech Republic,Modern Pentathlon,2
ROC,Weightlifting,2
Israel,Artistic Swimming,2
Eswatini,Swimming,2
Iceland,Swimming,2
Kosovo,Swimming,2
Egypt,Tennis,2
Sri Lanka,Swimming,2
Sri Lanka,Athletics,2
Chile,Golf,2
Mauritania,Athletics,2
Mexico,Artistic Swimming,2
Ukraine,Cycling Track,2
Spain,Archery,2
Switzerland,Shooting,2
Paraguay,Athletics,2
Egypt,Sailing,2
Italy,Modern Pentathlon,2
Armenia,Weightlifting,2
Zambia,Swimming,2
Australia,Cycling BMX Freestyle,2
Belarus,Sailing,2
Cameroon,Weightlifting,2
Belgium,Skateboarding,2
Republic of Korea,Sport Climbing,2
Switzerland,Golf,2
Bahamas,Swimming,2
Kenya,Beach Volleyball,2
Australia,Trampoline Gymnastics,2
New Zealand,Cycling Road,2
United Republic of Tanzania,Athletics,2
France,Taekwondo,2
Tajikistan,Boxing,2
Vietnam,Swimming,2
Belgium,Canoe Sprint,2
Chile,Artistic Gymnastics,2
Great Britain,Marathon Swimming,2
Colombia,Artistic Swimming,2
Gambia,Athletics,2
Czech Republic,Triathlon,2
Antigua and Barbuda,Athletics,2
Islamic Republic of Iran,Boxing,2
Poland,Cycling Mountain Bike,2
Colombia,Archery,2
Trinidad and Tobago,Cycling Track,2
Great Britain,Trampoline Gymnastics,2
Namibia,Cycling Road,2
Puerto Rico,Swimming,2
Malaysia,Cycling Track,2
Argentina,Rowing,2
Belarus,Cycling Road,2
Antigua and Barbuda,Swimming,2
Spain,Karate,2
Uzbekistan,Canoe Sprint,2
Saint Kitts and Nevis,Athletics,2
Japan,Cycling BMX Freestyle,2
Niger,Athletics,2
Belgium,Weightlifting,2
Australia,Archery,2
Czech Republic,Fencing,2
Luxembourg,Swimming,2
Thailand,Swimming,2
Uzbekistan,Artistic Gymnastics,2
Saint Lucia,Swimming,2
Latvia,Swimming,2
Kazakhstan,Weightlifting,2
Dominican Republic,Swimming,2
Monaco,Swimming,2
Cuba,Beach Volleyball,2
Ireland,Triathlon,2
American Samoa,Sailing,2
South Africa,Artistic Swimming,2
Argentina,Judo,2
Algeria,Rowing,2
Democratic Republic of Timor-Leste,Swimming,2
Burundi,Swimming,2
Lesotho,Athletics,2
Lithuania,Cycling Road,2
Brazil,Taekwondo,2
Luxembourg,Table Tennis,2
Republic of Korea,Wrestling,2
Tuvalu,Athletics,2
Indonesia,Athletics,2
Brazil,Fencing,2
Pakistan,Athletics,2
ROC,Cycling BMX Freestyle,2
Guinea-Bissau,Wrestling,2
Chinese Taipei,Karate,2
Algeria,Swimming,2
"Hong Kong, China",Sailing,2
Egypt,Boxing,2
Qatar,Swimming,2
Czech Republic,Golf,2
Netherlands,Skateboarding,2
Morocco,Canoe Slalom,2
Belgium,Cycling Mountain Bike,2
"Hong Kong, China",Athletics,2
Dominica,Athletics,2
Ecuador,Cycling Road,2
Mexico,Artistic Gymnastics,2
Poland,Archery,2
Singapore,Fencing,2
Maldives,Swimming,2
Mozambique,Swimming,2
France,Trampoline Gymnastics,2
Guatemala,Swimming,2
Israel,Triathlon,2
United States of America,Modern Pentathlon,2
Peru,Boxing,2
Rwanda,Swimming,2
Great Britain,Cycling BMX Freestyle,2
Guam,Swimming,2
Latvia,Cycling BMX Racing,2
Cook Islands,Canoe Sprint,2
Malaysia,Archery,2
Mexico,Tennis,2
United States of America,Artistic Swimming,2
New Zealand,Shooting,2
Bulgaria,Weightlifting,2
Puerto Rico,Sailing,2
Georgia,Swimming,2
Cameroon,Judo,2
Tunisia,Boxing,2
Madagascar,Weightlifting,2
Canada,Marathon Swimming,2
People's Republic of China,Karate,2
Rwanda,Athletics,2
Refugee Olympic Team,Cycling Road,2
Mongolia,Swimming,2
Islamic Republic of Iran,Weightlifting,2
Belarus,Artistic Swimming,2
Cyprus,Swimming,2
Zambia,Athletics,2
Australia,Modern Pentathlon,2
Namibia,Cycling Mountain Bike,2
Algeria,Judo,2
South Sudan,Athletics,2
Austria,Sport Climbing,2
Luxembourg,Athletics,2
Kazakhstan,Modern Pentathlon,2
Mexico,Taekwondo,2
Armenia,Boxing,2
Equatorial Guinea,Athletics,2
Ireland,Cycling Road,2
Benin,Swimming,2
Cook Islands,Swimming,2
Germany,Cycling BMX Freestyle,2
Philippines,Athletics,2
Bosnia and Herzegovina,Swimming,2
Refugee Olympic Team,Swimming,2
Mexico,Cycling Road,2
Canada,Sport Climbing,2
Tunisia,Canoe Sprint,2
Ireland,Diving,2
Tunisia,Rowing,2
Ireland,Judo,2
New Zealand,Golf,2
South Africa,Marathon Swimming,2
Liechtenstein,Artistic Swimming,2
New Zealand,Canoe Slalom,2
Canada,Trampoline Gymnastics,2
Hungary,Marathon Swimming,2
Papua New Guinea,Sailing,2
Chile,Swimming,2
Haiti,Swimming,2
Sudan,Swimming,2
Malaysia,Athletics,2
Philippines,Weightlifting,2
Seychelles,Swimming,2
Czech Republic,Cycling Mountain Bike,2
Tunisia,Table Tennis,2
Morocco,Swimming,2
Poland,Boxing,2
Philippines,Swimming,2
Saudi Arabia,Judo,2
United States of America,Taekwondo,2
Bangladesh,Archery,2
Uzbekistan,Cycling Road,2
Jamaica,Swimming,2
Refugee Olympic Team,Karate,2
Switzerland,Judo,2
Indonesia,Swimming,2
Lao People's Democratic Republic,Swimming,2
Grenada,Swimming,2
Azerbaijan,Taekwondo,2
Nicaragua,Swimming,2
Guatemala,Badminton,2
Syrian Arab Republic,Weightlifting,1
Ireland,Badminton,1
Indonesia,Rowing,1
Lithuania,Artistic Gymnastics,1
Niger,Judo,1
Honduras,Judo,1
Senegal,Wrestling,1
Latvia,Tennis,1
ROC,Karate,1
Jamaica,Judo,1
Czech Republic,Weightlifting,1
Venezuela,Marathon Swimming,1
Trinidad and Tobago,Boxing,1
Haiti,Boxing,1
Switzerland,Sport Climbing,1
Argentina,Canoe Slalom,1
Afghanistan,Swimming,1
Ghana,Weightlifting,1
Armenia,Artistic Gymnastics,1
Norway,Equestrian,1
Portugal,Shooting,1
Sri Lanka,Artistic Gymnastics,1
Lithuania,Judo,1
Suriname,Badminton,1
Vanuatu,Rowing,1
San Marino,Swimming,1
Libya,Athletics,1
Chile,Archery,1
Vanuatu,Judo,1
Mauritius,Judo,1
Germany,Surfing,1
Nigeria,Swimming,1
Italy,Table Tennis,1
Denmark,Wrestling,1
Ethiopia,Taekwondo,1
Sweden,Weightlifting,1
Senegal,Shooting,1
Palestine,Weightlifting,1
Venezuela,Shooting,1
Cayman Islands,Artistic Gymnastics,1
Benin,Rowing,1
Algeria,Canoe Sprint,1
Costa Rica,Cycling BMX Freestyle,1
"Hong Kong, China",Marathon Swimming,1
Finland,Badminton,1
Argentina,Artistic Gymnastics,1
Singapore,Equestrian,1
Sweden,Shooting,1
Peru,Judo,1
Latvia,Canoe Sprint,1
Estonia,Tennis,1
Mauritius,Weightlifting,1
People's Republic of China,Marathon Swimming,1
Greece,Cycling Mountain Bike,1
Nepal,Shooting,1
Singapore,Shooting,1
Qatar,Rowing,1
Qatar,Shooting,1
Paraguay,Rowing,1
Solomon Islands,Athletics,1
Croatia,Cycling Road,1
Austria,Badminton,1
Bermuda,Rowing,1
Equatorial Guinea,Swimming,1
Chile,Surfing,1
Kazakhstan,Fencing,1
India,Judo,1
New Zealand,Boxing,1
Indonesia,Shooting,1
Luxembourg,Triathlon,1
Botswana,Swimming,1
Mexico,Rowing,1
Singapore,Marathon Swimming,1
Romania,Archery,1
Sweden,Canoe Slalom,1
Republic of Korea,Rowing,1
Belgium,Cycling BMX Racing,1
Sierra Leone,Judo,1
Thailand,Cycling BMX Racing,1
Croatia,Karate,1
Bosnia and Herzegovina,Taekwondo,1
Ireland,Taekwondo,1
Algeria,Marathon Swimming,1
Gabon,Judo,1
Samoa,Athletics,1
"Hong Kong, China",Artistic Gymnastics,1
Comoros,Judo,1
Malta,Shooting,1
Cyprus,Cycling Road,1
Namibia,Rowing,1
Switzerland,Diving,1
Cuba,Taekwondo,1
Lebanon,Shooting,1
Aruba,Shooting,1
South Africa,Judo,1
Luxembourg,Equestrian,1
Thailand,Judo,1
Canada,Archery,1
Syrian Arab Republic,Swimming,1
Malawi,Judo,1
Jamaica,Diving,1
"Virgin Islands, US",Athletics,1
Romania,Canoe Sprint,1
Romania,Cycling Road,1
Madagascar,Judo,1
Venezuela,Golf,1
South Africa,Surfing,1
American Samoa,Weightlifting,1
Slovakia,Badminton,1
Panama,Swimming,1
Argentina,Cycling BMX Racing,1
Bolivia,Tennis,1
Yemen,Swimming,1
Sri Lanka,Badminton,1
Oman,Weightlifting,1
United Arab Emirates,Shooting,1
Great Britain,Skateboarding,1
Kosovo,Athletics,1
Azerbaijan,Shooting,1
Chad,Athletics,1
Malta,Athletics,1
"Hong Kong, China",Triathlon,1
Slovakia,Artistic Gymnastics,1
Cuba,Rowing,1
"Virgin Islands, US",Archery,1
Czech Republic,Sport Climbing,1
Sweden,Rowing,1
Spain,Table Tennis,1
Ethiopia,Cycling Road,1
"Hong Kong, China",Cycling Road,1
Democratic Republic of Timor-Leste,Athletics,1
Trinidad and Tobago,Sailing,1
Georgia,Rhythmic Gymnastics,1
Mexico,Canoe Slalom,1
Ireland,Artistic Gymnastics,1
Spain,Modern Pentathlon,1
Armenia,Judo,1
Israel,Weightlifting,1
Argentina,Golf,1
Jordan,Shooting,1
Bahrain,Boxing,1
Cape Verde,Boxing,1
Egypt,Cycling Track,1
Saudi Arabia,Shooting,1
India,Equestrian,1
Portugal,Rowing,1
Morocco,Rowing,1
Vietnam,Judo,1
Samoa,Judo,1
New Zealand,Tennis,1
Vietnam,Shooting,1
France,Cycling BMX Freestyle,1
Turkey,Weightlifting,1
Egypt,Rowing,1
Djibouti,Judo,1
Portugal,Artistic Gymnastics,1
Myanmar,Shooting,1
Guatemala,Judo,1
Mexico,Judo,1
Israel,Taekwondo,1
Saudi Arabia,Swimming,1
Panama,Boxing,1
Paraguay,Tennis,1
Togo,Athletics,1
Ukraine,Trampoline Gymnastics,1
Papua New Guinea,Boxing,1
Papua New Guinea,Weightlifting,1
Lebanon,Athletics,1
Argentina,Surfing,1
Kuwait,Karate,1
Libya,Rowing,1
Chile,Cycling Mountain Bike,1
Guam,Wrestling,1
Bulgaria,Artistic Gymnastics,1
Hungary,Taekwondo,1
Saint Lucia,Athletics,1
Japan,Cycling Mountain Bike,1
Yemen,Shooting,1
Cape Verde,Athletics,1
Colombia,Equestrian,1
Kuwait,Rowing,1
Albania,Judo,1
Ethiopia,Swimming,1
Nicaragua,Athletics,1
Thailand,Canoe Sprint,1
Jordan,Swimming,1
Republic of Korea,Canoe Sprint,1
Eritrea,Swimming,1
Argentina,Taekwondo,1
Tonga,Weightlifting,1
Republic of Korea,Cycling Road,1
Dominican Republic,Rowing,1
Greece,Fencing,1
Mozambique,Judo,1
Belarus,Artistic Gymnastics,1
Monaco,Table Tennis,1
Hungary,Boxing,1
Oman,Swimming,1
Guyana,Boxing,1
Azerbaijan,Cycling Road,1
Poland,Artistic Gymnastics,1
Palestine,Athletics,1
Andorra,Canoe Slalom,1
Trinidad and Tobago,Rowing,1
Morocco,Golf,1
Estonia,Triathlon,1
Thailand,Table Tennis,1
Hungary,Artistic Gymnastics,1
Islamic Republic of Iran,Rowing,1
Ecuador,Cycling BMX Racing,1
Chinese Taipei,Canoe Slalom,1
Cuba,Artistic Gymnastics,1
Saudi Arabia,Karate,1
Madagascar,Athletics,1
Costa Rica,Judo,1
Hungary,Karate,1
Sudan,Athletics,1
Peru,Badminton,1
Zimbabwe,Athletics,1
Norway,Cycling BMX Racing,1
Norway,Taekwondo,1
Bulgaria,Table Tennis,1
Trinidad and Tobago,Cycling Road,1
Ecuador,Golf,1
Argentina,Wrestling,1
Syrian Arab Republic,Triathlon,1
Angola,Athletics,1
Fiji,Judo,1
Guinea,Wrestling,1
Peru,Skateboarding,1
Guinea,Athletics,1
Haiti,Taekwondo,1
Chile,Skateboarding,1
Philippines,Judo,1
Guatemala,Sailing,1
Switzerland,Table Tennis,1
Greece,Cycling Track,1
North Macedonia,Karate,1
Norway,Cycling Track,1
North Macedonia,Shooting,1
Portugal,Cycling Track,1
Slovenia,Golf,1
Turkey,Modern Pentathlon,1
Sudan,Judo,1
Armenia,Athletics,1
Brunei Darussalam,Athletics,1
Nigeria,Canoe Sprint,1
Belgium,Canoe Slalom,1
Fiji,Athletics,1
Norway,Canoe Sprint,1
Brazil,Shooting,1
Monaco,Judo,1
Mexico,Fencing,1
Nigeria,Artistic Gymnastics,1
Lao People's Democratic Republic,Athletics,1
Switzerland,Karate,1
Colombia,Shooting,1
"Hong Kong, China",Karate,1
Mozambique,Athletics,1
Argentina,Fencing,1
Burkina Faso,Taekwondo,1
Ghana,Judo,1
Israel,Archery,1
Australia,Karate,1
Morocco,Karate,1
Chile,Sailing,1
Finland,Skateboarding,1
Germany,Taekwondo,1
Montenegro,Judo,1
Chile,Judo,1
El Salvador,Sailing,1
Republic of Korea,Tennis,1
Nicaragua,Weightlifting,1
Estonia,Shooting,1
Kosovo,Boxing,1
Sweden,Archery,1
Haiti,Athletics,1
Pakistan,Badminton,1
Kosovo,Wrestling,1
Denmark,Skateboarding,1
Vietnam,Athletics,1
Oman,Shooting,1
Cape Verde,Rhythmic Gymnastics,1
Luxembourg,Archery,1
Refugee Olympic Team,Badminton,1
Palestine,Swimming,1
Vietnam,Taekwondo,1
Belgium,Badminton,1
Islamic Republic of Iran,Badminton,1
Kyrgyzstan,Weightlifting,1
Montenegro,Sailing,1
Mauritius,Athletics,1
Poland,Skateboarding,1
Burundi,Boxing,1
Namibia,Boxing,1
Republic of Korea,Equestrian,1
Poland,Sport Climbing,1
Greece,Cycling Road,1
Morocco,Surfing,1
Turkmenistan,Athletics,1
Botswana,Weightlifting,1
Hungary,Rowing,1
Malawi,Athletics,1
Trinidad and Tobago,Judo,1
Guinea,Judo,1
Bosnia and Herzegovina,Shooting,1
Argentina,Cycling Mountain Bike,1
Seychelles,Sailing,1
Democratic Republic of the Congo,Taekwondo,1
Lebanon,Judo,1
Democratic Republic of the Congo,Judo,1
Burkina Faso,Cycling Road,1
Syrian Arab Republic,Athletics,1
Central African Republic,Swimming,1
Netherlands,Canoe Slalom,1
Jamaica,Boxing,1
Israel,Cycling Mountain Bike,1
Lao People's Democratic Republic,Judo,1
Seychelles,Athletics,1
Jordan,Judo,1
Malaysia,Shooting,1
Serbia,Boxing,1
Puerto Rico,Boxing,1
Albania,Athletics,1
Argentina,Marathon Swimming,1
Chad,Archery,1
Tunisia,Marathon Swimming,1
Israel,Marathon Swimming,1
Antigua and Barbuda,Boxing,1
Finland,Archery,1
Guinea-Bissau,Judo,1
Italy,Surfing,1
Afghanistan,Taekwondo,1
Peru,Cycling Road,1
North Macedonia,Wrestling,1
Palestine,Judo,1
Brunei Darussalam,Swimming,1
Chinese Taipei,Equestrian,1
Eswatini,Boxing,1
Greece,Archery,1
C�te d'Ivoire,Swimming,1
Chile,Tennis,1
Portugal,Taekwondo,1
El Salvador,Athletics,1
Saudi Arabia,Rowing,1
Sierra Leone,Athletics,1
Argentina,Triathlon,1
Malawi,Archery,1
Benin,Judo,1
Maldives,Athletics,1
Ireland,Shooting,1
Kyrgyzstan,Shooting,1
Solomon Islands,Weightlifting,1
Poland,Golf,1
Guatemala,Cycling Road,1
Haiti,Judo,1
Senegal,Table Tennis,1
Ecuador,Archery,1
Thailand,Cycling Road,1
Mauritius,Badminton,1
Azerbaijan,Fencing,1
Cameroon,Table Tennis,1
Netherlands,Weightlifting,1
Mauritius,Swimming,1
Cook Islands,Canoe Slalom,1
Togo,Rowing,1
Albania,Shooting,1
Philippines,Skateboarding,1
Canada,Shooting,1
Japan,Cycling BMX Racing,1
Lithuania,Weightlifting,1
Latvia,Judo,1
Hungary,Tennis,1
Peru,Karate,1
Nicaragua,Shooting,1
Ireland,Modern Pentathlon,1
Spain,Sport Climbing,1
Singapore,Athletics,1
Sri Lanka,Judo,1
Monaco,Athletics,1
Cape Verde,Judo,1
Sweden,Diving,1
Estonia,Cycling Mountain Bike,1
Pakistan,Judo,1
Peru,Wrestling,1
Czech Republic,Cycling Track,1
Qatar,Beach Volleyball,1
Bermuda,Triathlon,1
North Macedonia,Taekwondo,1
Kazakhstan,Sport Climbing,1
Puerto Rico,Rowing,1
Hungary,Archery,1
Romania,Triathlon,1
Greece,Artistic Gymnastics,1
Georgia,Shooting,1
Kiribati,Judo,1
Chinese Taipei,Rowing,1
Tunisia,Taekwondo,1
Gabon,Athletics,1
Togo,Swimming,1
Puerto Rico,Taekwondo,1
Uruguay,Judo,1
Papua New Guinea,Athletics,1
C�te d'Ivoire,Rowing,1
Nauru,Weightlifting,1
Somalia,Athletics,1
Kiribati,Weightlifting,1
Guatemala,Weightlifting,1
Islamic Republic of Iran,Canoe Sprint,1
South Africa,Cycling BMX Racing,1
Eswatini,Athletics,1
Libya,Judo,1
Bangladesh,Athletics,1
Dominican Republic,Diving,1
Norway,Diving,1
Tunisia,Tennis,1
Switzerland,Badminton,1
Great Britain,Fencing,1
Montenegro,Shooting,1
Fiji,Table Tennis,1
People's Republic of China,Triathlon,1
Jordan,Taekwondo,1
Georgia,Karate,1
Portugal,Cycling Mountain Bike,1
Jordan,Equestrian,1
Romania,Cycling Mountain Bike,1
Zimbabwe,Golf,1
United Arab Emirates,Swimming,1
Cook Islands,Athletics,1
Bosnia and Herzegovina,Judo,1
Iceland,Athletics,1
Switzerland,Wrestling,1
Portugal,Trampoline Gymnastics,1
Morocco,Wrestling,1
Costa Rica,Artistic Gymnastics,1
Republic of Moldova,Shooting,1
Ecuador,Table Tennis,1
Morocco,Fencing,1
Estonia,Archery,1
Puerto Rico,Skateboarding,1
Slovenia,Archery,1
Venezuela,Cycling Road,1
Suriname,Cycling Track,1
Chile,Table Tennis,1
Maldives,Badminton,1
Slovakia,Wrestling,1
Venezuela,Diving,1
Colombia,Cycling Track,1
Mexico,Marathon Swimming,1
Sri Lanka,Shooting,1
Romania,Shooting,1
Democratic Republic of the Congo,Athletics,1
Peru,Tennis,1
Ecuador,Surfing,1
Denmark,Archery,1
Georgia,Tennis,1
Morocco,Cycling Road,1
Lithuania,Shooting,1
Kazakhstan,Rhythmic Gymnastics,1
Denmark,Cycling BMX Racing,1
Peru,Fencing,1
Chad,Judo,1
Greece,Tennis,1
"Hong Kong, China",Equestrian,1
Sweden,Tennis,1
Latvia,Modern Pentathlon,1
Indonesia,Surfing,1
Tajikistan,Athletics,1
Somalia,Boxing,1
Ukraine,Cycling Mountain Bike,1
Guatemala,Rowing,1
Nicaragua,Judo,1
Chile,Fencing,1
Zambia,Judo,1
San Marino,Shooting,1
Vietnam,Rowing,1
Austria,Artistic Gymnastics,1
Solomon Islands,Swimming,1
Croatia,Canoe Slalom,1
Angola,Judo,1
Kazakhstan,Rowing,1
Libya,Swimming,1
Bhutan,Swimming,1
Iraq,Rowing,1
Azerbaijan,Badminton,1
Latvia,Karate,1
Lithuania,Canoe Sprint,1
Central African Republic,Athletics,1
Israel,Cycling Road,1
Guam,Judo,1
Chile,Modern Pentathlon,1
New Zealand,Cycling Mountain Bike,1
Bhutan,Archery,1
Turkey,Rowing,1
Czech Republic,Marathon Swimming,1
Peru,Artistic Gymnastics,1
Refugee Olympic Team,Boxing,1
Latvia,Wrestling,1
American Samoa,Athletics,1
Antigua and Barbuda,Sailing,1
Palau,Athletics,1
Rwanda,Cycling Road,1
Belgium,Taekwondo,1
Venezuela,Cycling BMX Freestyle,1
Venezuela,Sailing,1
Philippines,Taekwondo,1
Federated States of Micronesia,Athletics,1
Iceland,Shooting,1
Ecuador,Equestrian,1
Jordan,Athletics,1
Panama,Cycling Road,1
Honduras,Taekwondo,1
Belgium,Archery,1
New Zealand,Cycling BMX Racing,1
American Samoa,Swimming,1
Guatemala,Modern Pentathlon,1
Cyprus,Artistic Gymnastics,1
Bahrain,Shooting,1
Portugal,Skateboarding,1
Yemen,Athletics,1
Cameroon,Athletics,1
Greece,Weightlifting,1
Austria,Cycling Mountain Bike,1
Switzerland,Cycling BMX Freestyle,1
Dominican Republic,Judo,1
Zimbabwe,Rowing,1
Sweden,Cycling Mountain Bike,1
Chile,Wrestling,1
Mexico,Rhythmic Gymnastics,1
Lebanon,Weightlifting,1
Fiji,Sailing,1
Barbados,Swimming,1
Sweden,Badminton,1
Puerto Rico,Wrestling,1
Norway,Cycling Mountain Bike,1
Turkey,Fencing,1
Egypt,Triathlon,1
Singapore,Rowing,1
Morocco,Triathlon,1
"Virgin Islands, British",Swimming,1
Sweden,Skateboarding,1
Colombia,Trampoline Gymnastics,1
Belgium,Shooting,1
Armenia,Shooting,1
Chile,Cycling BMX Freestyle,1
Ukraine,Modern Pentathlon,1
New Zealand,Taekwondo,1
Qatar,Judo,1
Sao Tome and Principe,Athletics,1
Lithuania,Wrestling,1
Canada,Karate,1
Greece,Marathon Swimming,1
Gambia,Judo,1
Kazakhstan,Artistic Gymnastics,1
Puerto Rico,Shooting,1
Singapore,Artistic Gymnastics,1
Puerto Rico,Golf,1
Austria,Karate,1
Islamic Republic of Iran,Swimming,1
Netherlands,Artistic Swimming,1
Italy,Cycling BMX Racing,1
Mali,Taekwondo,1
Argentina,Cycling Road,1
Bulgaria,Canoe Sprint,1
Netherlands,Table Tennis,1
Spain,Fencing,1
Czech Republic,Wrestling,1
Puerto Rico,Diving,1
Myanmar,Badminton,1
Austria,Skateboarding,1
Chinese Taipei,Cycling Road,1
Refugee Olympic Team,Shooting,1
Ukraine,Canoe Slalom,1
North Macedonia,Judo,1
El Salvador,Boxing,1
Guam,Athletics,1
Slovenia,Rhythmic Gymnastics,1
Afghanistan,Shooting,1
San Marino,Wrestling,1
Puerto Rico,Equestrian,1
"Hong Kong, China",Golf,1
Nepal,Athletics,1
Brazil,Modern Pentathlon,1
Belize,Canoe Sprint,1
Honduras,Athletics,1
Saudi Arabia,Table Tennis,1
Republic of Korea,Cycling Track,1
Syrian Arab Republic,Equestrian,1
Peru,Weightlifting,1
Portugal,Tennis,1
Pakistan,Weightlifting,1
Netherlands,Fencing,1
Algeria,Table Tennis,1
New Zealand,Trampoline Gymnastics,1
Slovenia,Shooting,1
Andorra,Athletics,1
New Zealand,Diving,1
Togo,Table Tennis,1
"Hong Kong, China",Rowing,1
Sri Lanka,Equestrian,1
India,Artistic Gymnastics,1
Turkmenistan,Judo,1
Bhutan,Shooting,1
Mexico,Trampoline Gymnastics,1
Kyrgyzstan,Swimming,1
Philippines,Shooting,1
Islamic Republic of Iran,Archery,1
Senegal,Canoe Slalom,1
Paraguay,Cycling Road,1
Paraguay,Golf,1
United States of America,Canoe Sprint,1
New Zealand,Artistic Gymnastics,1
Islamic Republic of Iran,Cycling Road,1
Nepal,Judo,1
Ecuador,Triathlon,1
Namibia,Marathon Swimming,1
North Macedonia,Athletics,1
Islamic Republic of Iran,Table Tennis,1
Guinea-Bissau,Athletics,1
Republic of Korea,Karate,1
Algeria,Weightlifting,1
Senegal,Athletics,1
Netherlands,Golf,1
Ukraine,Triathlon,1
Portugal,Canoe Slalom,1
Cambodia,Athletics,1
Latvia,Equestrian,1
Latvia,Cycling Road,1
Chile,Cycling Road,1
Nigeria,Rowing,1
Malta,Badminton,1
Senegal,Fencing,1
Senegal,Judo,1
Liechtenstein,Judo,1
Cuba,Cycling Road,1
Turkey,Badminton,1
Guyana,Table Tennis,1
Ecuador,Modern Pentathlon,1
Peru,Swimming,1
Ireland,Canoe Slalom,1
Sudan,Rowing,1
Colombia,Skateboarding,1
Mali,Swimming,1
Serbia,Karate,1
Congo,Swimming,1
Slovakia,Archery,1
Great Britain,Sport Climbing,1
Chile,Shooting,1
Bulgaria,Karate,1
New Zealand,Karate,1
Samoa,Sailing,1
Gabon,Taekwondo,1
Colombia,Fencing,1
Tonga,Athletics,1
Croatia,Wrestling,1
Ukraine,Marathon Swimming,1
Suriname,Swimming,1
Morocco,Weightlifting,1
Georgia,Fencing,1
South Africa,Equestrian,1
Syrian Arab Republic,Table Tennis,1
Czech Republic,Archery,1
Uzbekistan,Tennis,1
Iraq,Shooting,1
Tunisia,Swimming,1
Hungary,Rhythmic Gymnastics,1
Refugee Olympic Team,Weightlifting,1
Argentina,Modern Pentathlon,1
Refugee Olympic Team,Wrestling,1
India,Fencing,1
Ecuador,Shooting,1
Israel,Surfing,1
Israel,Shooting,1
Peru,Rowing,1
South Africa,Artistic Gymnastics,1
Morocco,Shooting,1
Slovenia,Marathon Swimming,1
Greece,Taekwondo,1
Kiribati,Athletics,1
Tonga,Taekwondo,1
Latvia,Shooting,1
Nigeria,Taekwondo,1
Bangladesh,Shooting,1
Czech Republic,Sailing,1
Estonia,Judo,1
Philippines,Rowing,1
Mexico,Beach Volleyball,1
Monaco,Rowing,1
Algeria,Shooting,1
Djibouti,Swimming,1
Costa Rica,Taekwondo,1
Burkina Faso,Judo,1
Jamaica,Artistic Gymnastics,1
Slovenia,Cycling Mountain Bike,1
Denmark,Table Tennis,1
Kosovo,Shooting,1
Azerbaijan,Triathlon,1
Mozambique,Boxing,1
Albania,Artistic Gymnastics,1
Seychelles,Judo,1
San Marino,Judo,1
Finland,Equestrian,1
Great Britain,Artistic Swimming,1
Hungary,Cycling Road,1
Nauru,Athletics,1
Hungary,Weightlifting,1
Uganda,Rowing,1
Malta,Weightlifting,1
Estonia,Equestrian,1
Kyrgyzstan,Judo,1
Germany,Sport Climbing,1
